kode,nama_produk,unit,tanggal,no_transaksi,qty_masuk,nilai_masuk,qty_keluar,nilai_keluar,iforest_anomaly,rule_based_anomaly,final_anomaly
A00009,ALBOTHYL 10ML,BTL,25-08-21,1.11-210825.1748-008,30.0,6984181.0,,,1,1,1
A00021,AMOXICILIN 500MG,STRIP,16-06-21,1.11-210616.1243-003,10000.0,29504.0,,,1,1,1
A00021,AMOXICILIN 500MG,STRIP,28-07-21,1.13-210728.1822-010,14400.0,295042.0,,,1,1,1
A00035,ANTASIDA DOEN,TAB,18-08-21,1.11-210818.1740-007,3000.0,13706.0,,,1,1,1
A00082,APPETON WG ADULT COKLAT,KLG,13-04-21,1.13-210413.1117-001,10.0,34132402.0,,,1,1,1
A00082,APPETON WG ADULT COKLAT,KLG,05-05-21,1.13-210505.1810-008,10.0,34132516.0,,,1,1,1
A00103,AQUA MARIS DAILY NASSAL 30ML,BTL,31-05-21,1.13-210531.2032-005,10.0,10098174.0,,,1,1,1
A00103,AQUA MARIS DAILY NASSAL 30ML,BTL,03-08-21,1.11-210803.1453-002,20.0,10098498.0,,,1,1,1
A00117,AZITHROMYCIN 500MG TAB,STRIP,17-03-21,1.13-210317.1250-001,30.0,9901255.0,,,1,1,1
A00117,AZITHROMYCIN 500MG TAB,STRIP,05-05-21,1.11-210505.1314-006,30.0,9900325.0,,,1,1,1
A00117,AZITHROMYCIN 500MG TAB,STRIP,25-06-21,1.11-210625.1403-006,30.0,9900667.0,,,1,1,1
B0000101,BORRAGINOL S OINT,TUBE,30-03-21,1.13-210330.1130-003,10.0,10561538.0,,,1,1,1
B0000101,BORRAGINOL S OINT,TUBE,13-04-21,1.13-210413.1117-001,10.0,10560116.0,,,1,1,1
B0000101,BORRAGINOL S OINT,TUBE,05-05-21,1.13-210505.1810-008,10.0,10560151.0,,,1,1,1
B0000101,BORRAGINOL S OINT,TUBE,29-06-21,1.11-210629.1254-001,10.0,10560409.0,,,1,1,1
B0000101,BORRAGINOL S OINT,TUBE,13-07-21,1.13-210713.2048-008,10.0,10560256.0,,,1,1,1
B0000101,BORRAGINOL S OINT,TUBE,05-10-21,1.11-211005.1805-003,10.0,10560234.0,,,1,1,1
B0000101,BORRAGINOL S OINT,TUBE,19-10-21,1.9-211019.1746-001,10.0,10560261.0,,,1,1,1
B0000108,BEAR BRAND,KLG,28-08-21,1.9-210828.1436-002,2100.0,858571.0,,,1,1,1
B0000119,BORRAGINOL N OINT,TUBE,13-04-21,1.13-210413.1117-001,10.0,7810086.0,,,1,1,1
B0000119,BORRAGINOL N OINT,TUBE,18-05-21,1.11-210518.1252-006,10.0,7810157.0,,,1,1,1
B0000119,BORRAGINOL N OINT,TUBE,29-06-21,1.11-210629.1254-001,10.0,7810303.0,,,1,1,1
B0000119,BORRAGINOL N OINT,TUBE,13-07-21,1.13-210713.2048-008,10.0,7810189.0,,,1,1,1
B0000119,BORRAGINOL N OINT,TUBE,18-08-21,1.11-210818.1747-008,10.0,7811945.0,,,1,1,1
B0000119,BORRAGINOL N OINT,TUBE,05-10-21,1.11-211005.1805-003,10.0,7810173.0,,,1,1,1
B0000119,BORRAGINOL N OINT,TUBE,19-10-21,1.9-211019.1746-001,10.0,7810193.0,,,1,1,1
B0000119,BORRAGINOL N OINT,TUBE,02-11-21,1.11-211102.1852-007,10.0,7810379.0,,,1,1,1
B0000119,BORRAGINOL N OINT,TUBE,23-11-21,1.11-211123.1818-007,10.0,7810451.0,,,1,1,1
B0000119,BORRAGINOL N OINT,TUBE,07-12-21,1.11-211207.1757-001,10.0,7810017.0,,,1,1,1
B0000221,BIO OIL 60ML,BTL,07-08-21,1.11-210807.1855-006,10.0,8970127.0,,,1,1,1
B0000267,BLACKMORES CELERY,BOTOL,10-02-21,1.12-210210.1754-002,20.0,12150761.0,,,1,1,1
B0000269,BLACKMORES FISHOIL,BOTOL,10-02-21,1.12-210210.1754-002,10.0,29401817.0,,,1,1,1
B0000277,BREAST PUMP SET RELIABLE 9910,PCS,25-12-21,1.9-211225.2041-003,10.0,16000354.0,,,1,1,1
B000200,BETADINE VAGINAL 100ML,BTL,04-10-21,1.13-211004.1824-002,10.0,9792145.0,,,1,1,1
B000201,BETADINE THROAT SPRAY,BTL,04-10-21,1.13-211004.1824-002,10.0,10892386.0,,,1,1,1
B000201,BETADINE THROAT SPRAY,BTL,06-02-21,1.13-210206.1023-002,10.0,17250008.0,,,1,1,1
C0000054,COUNTERPAIN 60,TUBE,06-10-21,1.11-211006.1228-001,10.0,6886368.0,,,1,1,1
C0000054,COUNTERPAIN 60,TUBE,15-12-21,1.12-211215.1934-007,10.0,6886123.0,,,1,1,1
C0000070,CAVIPLEX TAB,STRIP,25-08-21,1.11-210825.1639-004,5000.0,77000.0,,,1,1,1
C0000097,COUNTERPAIN 120GR,TUBE,07-04-21,1.13-210407.1649-003,10.0,9430521.0,,,1,1,1
C0000097,COUNTERPAIN 120GR,TUBE,04-05-21,1.9-210504.0826-001,10.0,9725488.0,,,1,1,1
C0000097,COUNTERPAIN 120GR,TUBE,06-07-21,1.13-210706.0933-005,10.0,9626672.0,,,1,1,1
C0000097,COUNTERPAIN 120GR,TUBE,13-09-21,1.11-210913.1525-005,10.0,9823156.0,,,1,1,1
C0000097,COUNTERPAIN 120GR,TUBE,01-11-21,1.13-211101.1619-001,10.0,9626563.0,,,1,1,1
C0000097,COUNTERPAIN 120GR,TUBE,10-11-21,1.11-211110.1802-007,10.0,9823453.0,,,1,1,1
C0000097,COUNTERPAIN 120GR,TUBE,13-12-21,1.11-211213.1257-002,10.0,9824179.0,,,1,1,1
D0000015,DEXTEEM PLUS,TAB,21-04-21,1.13-210421.1715-002,3000.0,30725.0,,,1,1,1
D0000015,DEXTEEM PLUS,TAB,30-06-21,1.11-210630.2028-015,3000.0,30725.0,,,1,1,1
D0000015,DEXTEEM PLUS,TAB,04-08-21,1.11-210804.1548-010,3000.0,30724.0,,,1,1,1
D0000015,DEXTEEM PLUS,TAB,25-08-21,1.13-210825.1417-004,3000.0,24902.0,,,1,1,1
D0000015,DEXTEEM PLUS,TAB,09-09-21,1.13-210909.1214-001,3000.0,30723.0,,,1,1,1
D0000015,DEXTEEM PLUS,TAB,23-09-21,1.9-210923.0919-006,3000.0,30727.0,,,1,1,1
D0000015,DEXTEEM PLUS,TAB,29-09-21,1.11-210929.1711-001,3000.0,30724.0,,,1,1,1
D0000015,DEXTEEM PLUS,TAB,06-10-21,1.13-211006.1850-003,3000.0,30725.0,,,1,1,1
D0000015,DEXTEEM PLUS,TAB,19-10-21,1.11-211019.1244-002,3000.0,30726.0,,,1,1,1
D0000015,DEXTEEM PLUS,TAB,18-11-21,1.11-211118.2050-003,3000.0,30724.0,,,1,1,1
D0000015,DEXTEEM PLUS,TAB,24-11-21,1.11-211124.1059-001,3000.0,30724.0,,,1,1,1
D0000015,DEXTEEM PLUS,TAB,01-12-21,1.11-211201.1517-001,3000.0,30723.0,,,1,1,1
D0000015,DEXTEEM PLUS,TAB,08-12-21,1.11-211208.1505-009,3000.0,30724.0,,,1,1,1
D0000015,DEXTEEM PLUS,TAB,15-12-21,1.12-211215.1720-004,3000.0,30727.0,,,1,1,1
D0000034,DIANE KB,BOX,27-01-21,1.11-210127.0452-006,10.0,13344257.0,,,1,1,1
D0000034,DIANE KB,BOX,27-01-21,1.11-210127.0520-010,10.0,13344476.0,,,1,1,1
D0000034,DIANE KB,BOX,19-05-21,1.12-210519.1442-010,10.0,13943977.0,,,1,1,1
D0000034,DIANE KB,BOX,30-06-21,1.11-210630.1224-002,10.0,13943787.0,,,1,1,1
D0000034,DIANE KB,BOX,14-07-21,1.13-210714.1414-001,10.0,13800795.0,,,1,1,1
D0000034,DIANE KB,BOX,25-08-21,1.11-210825.1739-006,10.0,13943787.0,,,1,1,1
D0000034,DIANE KB,BOX,01-09-21,1.13-210901.1137-002,10.0,13943187.0,,,1,1,1
D0000034,DIANE KB,BOX,06-10-21,1.11-211006.1258-006,10.0,13943879.0,,,1,1,1
D0000034,DIANE KB,BOX,10-11-21,1.13-211110.1309-005,10.0,13943822.0,,,1,1,1
D0000034,DIANE KB,BOX,04-12-21,1.11-211204.1300-003,10.0,13944269.0,,,1,1,1
D0000035,DUMOCYCLINE 250MG,KAP,03-03-21,1.13-210303.1328-005,5000.0,7000.0,,,1,1,1
D0000035,DUMOCYCLINE 250MG,KAP,27-05-21,1.11-210527.0939-001,5000.0,7000.0,,,1,1,1
D0000035,DUMOCYCLINE 250MG,KAP,05-07-21,1.11-210705.1951-002,5000.0,6400.0,,,1,1,1
D0000035,DUMOCYCLINE 250MG,KAP,28-07-21,1.11-210728.1516-001,5000.0,8000.0,,,1,1,1
D0000035,DUMOCYCLINE 250MG,KAP,24-12-21,1.11-211224.2035-002,5000.0,8000.0,,,1,1,1
D0000082,DIPROGENTA,TUBE,20-01-21,1.11-210120.0829-003,10.0,7183145.0,,,1,1,1
D0000082,DIPROGENTA,TUBE,06-02-21,1.13-210206.1030-003,10.0,7183224.0,,,1,1,1
D0000082,DIPROGENTA,TUBE,05-05-21,1.12-210505.1855-004,10.0,7183779.0,,,1,1,1
D0000082,DIPROGENTA,TUBE,25-08-21,1.11-210825.1748-008,10.0,7183289.0,,,1,1,1
D0000082,DIPROGENTA,TUBE,22-09-21,1.13-210922.1841-011,10.0,7183103.0,,,1,1,1
D0000082,DIPROGENTA,TUBE,17-11-21,1.11-211117.1248-006,10.0,7183231.0,,,1,1,1
D0000196,DERMATIX ULTRA GEL 5GR,TUBE,15-12-21,1.11-211215.1523-003,10.0,10453784.0,,,1,1,1
D0000196,DERMATIX ULTRA GEL 5GR,TUBE,29-12-21,1.11-211229.1501-008,10.0,10450072.0,,,1,1,1
D0000217,DIPROGENTA OINT 5GR,TUBE,17-11-21,1.11-211117.1248-006,10.0,7183231.0,,,1,1,1
E0000002,ELTAZON,TAB,21-04-21,1.12-210421.1330-003,3000.0,15003.0,,,1,1,1
E0000002,ELTAZON,TAB,14-07-21,1.13-210714.1533-008,3000.0,15001.0,,,1,1,1
E0000002,ELTAZON,TAB,25-08-21,1.13-210825.1417-004,3000.0,1500.0,,,1,1,1
E0000002,ELTAZON,TAB,29-12-21,1.11-211229.1453-006,3000.0,15002.0,,,1,1,1
E0000027,EASY TOUCH GCU,PCS,06-07-21,1.13-210706.0849-002,10.0,6927564.0,,,1,1,1
E0000056,EMTRIX,TUBE,26-04-21,1.13-210426.1518-004,10.0,19253295.0,,,1,1,1
E0000056,EMTRIX,TUBE,22-07-21,1.13-210722.0839-003,3000.0,16878.0,,,1,1,1
E0000056,EMTRIX,TUBE,10-08-21,1.11-210810.1331-006,3000.0,16877.0,,,1,1,1
E0000092,ECODINE 60ML,BTL,04-06-21,1.11-210604.1752-002,10.0,11330454.0,,,1,1,1
E0000103,ENTRASOL PLATINUM VANILA 400GR,KLNG,22-07-21,1.11-210722.1821-001,10.0,10295265.0,,,1,1,1
E0000107,ESPERSON 15GR,TUBE,21-10-21,1.11-211021.1112-002,10.0,14454027.0,,,1,1,1
E0000107,ESPERSON 15GR,TUBE,30-10-21,1.11-211030.2004-003,10.0,14453534.0,,,1,1,1
E0000107,ESPERSON 15GR,TUBE,15-12-21,1.11-211215.1527-004,20.0,14454378.0,,,1,1,1
F0000009,FG TROCHES,TAB,13-01-21,1.6-210113.0418-001,3000.0,128132.0,,,1,1,1
F0000009,FG TROCHES,TAB,03-02-21,1.13-210203.1945-005,3000.0,128141.0,,,1,1,1
F0000009,FG TROCHES,TAB,09-03-21,1.11-210309.1225-005,3000.0,128136.0,,,1,1,1
F0000009,FG TROCHES,TAB,20-04-21,1.13-210420.1855-002,3000.0,128137.0,,,1,1,1
F0000009,FG TROCHES,TAB,18-05-21,1.11-210518.1252-006,3000.0,128127.0,,,1,1,1
F0000009,FG TROCHES,TAB,29-06-21,1.11-210629.1254-001,3000.0,12813.0,,,1,1,1
F0000009,FG TROCHES,TAB,13-07-21,1.13-210713.2048-008,3000.0,128128.0,,,1,1,1
F0000009,FG TROCHES,TAB,22-07-21,1.13-210722.0847-004,3600.0,12493.0,,,1,1,1
F0000009,FG TROCHES,TAB,04-08-21,1.13-210804.1248-006,3000.0,128106.0,,,1,1,1
F0000009,FG TROCHES,TAB,10-08-21,1.11-210810.1852-008,3000.0,128137.0,,,1,1,1
F0000009,FG TROCHES,TAB,31-08-21,1.11-210831.1809-001,3000.0,128127.0,,,1,1,1
F0000009,FG TROCHES,TAB,21-09-21,1.13-210921.1834-001,3000.0,128129.0,,,1,1,1
F0000009,FG TROCHES,TAB,02-11-21,1.11-211102.1852-007,3000.0,128131.0,,,1,1,1
F0000009,FG TROCHES,TAB,01-12-21,1.11-211201.1536-003,3000.0,128136.0,,,1,1,1
F0000019,FISHQUA,BTL,27-05-21,1.9-210527.1733-004,10.0,7480189.0,,,1,1,1
F0000085,FOLAMIL GENIO,BTL,27-01-21,1.11-210127.0520-010,20.0,12541844.0,,,1,1,1
F0000085,FOLAMIL GENIO,BTL,03-02-21,1.11-210203.1304-005,10.0,12540701.0,,,1,1,1
F0000085,FOLAMIL GENIO,BTL,10-02-21,1.11-210210.1514-004,10.0,12540517.0,,,1,1,1
F0000085,FOLAMIL GENIO,BTL,20-02-21,1.11-210220.1934-003,10.0,12540929.0,,,1,1,1
F0000085,FOLAMIL GENIO,BTL,03-04-21,1.11-210403.0831-002,20.0,12540635.0,,,1,1,1
F0000085,FOLAMIL GENIO,BTL,21-04-21,1.12-210421.1359-007,10.0,12540723.0,,,1,1,1
F0000085,FOLAMIL GENIO,BTL,05-05-21,1.12-210505.1822-001,20.0,12540874.0,,,1,1,1
F0000085,FOLAMIL GENIO,BTL,19-05-21,1.12-210519.1442-010,10.0,12540915.0,,,1,1,1
F0000085,FOLAMIL GENIO,BTL,02-06-21,1.13-210602.1120-001,10.0,12540016.0,,,1,1,1
F0000085,FOLAMIL GENIO,BTL,09-06-21,1.11-210609.1232-002,10.0,12540033.0,,,1,1,1
F0000085,FOLAMIL GENIO,BTL,16-06-21,1.11-210616.1249-004,10.0,12540526.0,,,1,1,1
F0000085,FOLAMIL GENIO,BTL,25-06-21,1.11-210625.1359-005,10.0,12541635.0,,,1,1,1
F0000085,FOLAMIL GENIO,BTL,07-07-21,1.13-210707.1307-002,10.0,12540377.0,,,1,1,1
F0000085,FOLAMIL GENIO,BTL,14-07-21,1.6-210714.1807-002,20.0,12540566.0,,,1,1,1
F0000085,FOLAMIL GENIO,BTL,21-07-21,1.13-210721.1550-002,10.0,12540223.0,,,1,1,1
F0000085,FOLAMIL GENIO,BTL,28-07-21,1.11-210728.1533-003,20.0,12540905.0,,,1,1,1
F0000085,FOLAMIL GENIO,BTL,01-09-21,1.13-210901.1137-002,20.0,12540204.0,,,1,1,1
F0000085,FOLAMIL GENIO,BTL,15-09-21,1.13-210915.1124-004,20.0,12540117.0,,,1,1,1
F0000085,FOLAMIL GENIO,BTL,29-09-21,1.13-210929.1308-003,10.0,12540448.0,,,1,1,1
F0000085,FOLAMIL GENIO,BTL,06-10-21,1.11-211006.1258-006,10.0,12540827.0,,,1,1,1
F0000085,FOLAMIL GENIO,BTL,23-10-21,1.11-211023.1111-002,10.0,12540549.0,,,1,1,1
F0000085,FOLAMIL GENIO,BTL,10-11-21,1.13-211110.1306-004,10.0,12541826.0,,,1,1,1
F0000085,FOLAMIL GENIO,BTL,17-11-21,1.11-211117.1221-003,10.0,12540124.0,,,1,1,1
F0000085,FOLAMIL GENIO,BTL,24-11-21,1.12-211124.1155-005,10.0,12541034.0,,,1,1,1
F0000085,FOLAMIL GENIO,BTL,04-12-21,1.11-211204.1300-003,10.0,12541177.0,,,1,1,1
F0000085,FOLAMIL GENIO,BTL,08-12-21,1.11-211208.1344-001,20.0,12540581.0,,,1,1,1
F0000085,FOLAMIL GENIO,BTL,22-12-21,1.13-211222.1401-001,10.0,12542052.0,,,1,1,1
F0000090,FOLAMIL GOLD,BTL,27-01-21,1.11-210127.0520-010,10.0,14852183.0,,,1,1,1
F0000090,FOLAMIL GOLD,BTL,09-06-21,1.11-210609.1232-002,10.0,14850039.0,,,1,1,1
F0000090,FOLAMIL GOLD,BTL,16-06-21,1.11-210616.1249-004,10.0,14850623.0,,,1,1,1
F0000090,FOLAMIL GOLD,BTL,14-07-21,1.6-210714.1807-002,10.0,14850671.0,,,1,1,1
F0000090,FOLAMIL GOLD,BTL,15-09-21,1.13-210915.1124-004,10.0,14850139.0,,,1,1,1
F0000090,FOLAMIL GOLD,BTL,02-10-21,1.11-211002.1519-001,10.0,14851091.0,,,1,1,1
F0000090,FOLAMIL GOLD,BTL,10-11-21,1.13-211110.1306-004,10.0,14852162.0,,,1,1,1
F0000090,FOLAMIL GOLD,BTL,24-11-21,1.12-211124.1155-005,10.0,14851224.0,,,1,1,1
F0000090,FOLAMIL GOLD,BTL,15-12-21,1.11-211215.1441-001,10.0,14851548.0,,,1,1,1
F0000100,FLIMTY,SACH,09-02-21,1.11-210209.1420-002,10.0,17822079.0,,,1,1,1
F0000100,FLIMTY,SACH,23-02-21,1.11-210223.1154-002,10.0,17821743.0,,,1,1,1
F0000100,FLIMTY,SACH,09-03-21,1.11-210309.1225-005,10.0,17821535.0,,,1,1,1
G0000067,G BUMIN,BTL,26-02-21,1.12-210226.0947-001,190.0,8160118.0,,,1,1,1
H0000001,HANSAPLAST,PCS,23-06-21,1.13-210623.1105-001,3000.0,25005.0,,,1,1,1
H0000016,HYPAFIX 5CMx5M,ROL,10-02-21,1.11-210210.1513-003,20.0,6902706.0,,,1,1,1
H0000016,HYPAFIX 5CMx5M,ROL,10-04-21,1.12-210410.1810-001,20.0,6904833.0,,,1,1,1
H0000092,HELIATECH SUNSCREEN SPF 45 30ML,TUBE,03-02-21,1.11-210203.1222-001,10.0,7976181.0,,,1,1,1
H0000092,HELIATECH SUNSCREEN SPF 45 30ML,TUBE,03-02-21,1.11-210203.1228-002,10.0,7975691.0,,,1,1,1
H0000092,HELIATECH SUNSCREEN SPF 45 30ML,TUBE,28-04-21,1.11-210428.1926-002,20.0,7975463.0,,,1,1,1
H0000501,HEVIT C PLUS,STRIP,14-07-21,1.11-210714.1341-001,2400.0,990034.0,,,1,1,1
I0000005,IMBOOST FORCE,TAB,03-08-21,1.13-210803.1342-006,3000.0,664784.0,,,1,1,1
I0000005,IMBOOST FORCE,TAB,03-08-21,1.13-210803.1400-009,3600.0,638199.0,,,1,1,1
I0000005,IMBOOST FORCE,TAB,10-08-21,1.11-210810.1320-004,6000.0,664767.0,,,1,1,1
I0000008,INERSON OINT 15G,TUBE,16-01-21,1.9-210116.0505-001,10.0,6864229.0,,,1,1,1
I0000008,INERSON OINT 15G,TUBE,03-02-21,1.11-210203.1242-004,10.0,7550852.0,,,1,1,1
I0000008,INERSON OINT 15G,TUBE,05-05-21,1.13-210505.1809-007,10.0,7552957.0,,,1,1,1
I0000008,INERSON OINT 15G,TUBE,19-05-21,1.12-210519.1314-004,10.0,7552957.0,,,1,1,1
I0000008,INERSON OINT 15G,TUBE,03-06-21,1.11-210603.1147-003,10.0,7551288.0,,,1,1,1
I0000008,INERSON OINT 15G,TUBE,10-11-21,1.11-211110.1802-007,10.0,8305521.0,,,1,1,1
I0000020,IMBOOST FORCE SYR,BTL,07-04-21,1.13-210407.1649-003,20.0,19744494.0,,,1,1,1
I0000063,IMBOOST FORCE SYR 120ML,BTL,04-05-21,1.9-210504.0826-001,10.0,8721169.0,,,1,1,1
I000058,IMBOOST FORCE ES,TAB,02-08-21,1.11-210802.2024-002,3000.0,872487.0,,,1,1,1
K0000008,KADITIC,TAB,23-08-21,1.13-210823.1731-004,3000.0,2611.0,,,1,1,1
K0000008,KADITIC,TAB,30-08-21,1.11-210830.1349-005,3000.0,2611.0,,,1,1,1
K0000008,KADITIC,TAB,24-11-21,1.12-211124.1127-003,3000.0,2720.0,,,1,1,1
K0000008,KADITIC,TAB,01-12-21,1.12-211201.1218-003,3000.0,27203.0,,,1,1,1
K0000080,KANA WHITE 30GR,TUBE,12-01-21,1.11-210112.0502-011,10000.0,450.0,,,1,1,1
K0000080,KANA WHITE 30GR,TUBE,10-05-21,1.11-210510.1611-004,10000.0,450.0,,,1,1,1
K0000080,KANA WHITE 30GR,TUBE,30-07-21,1.11-210730.0913-001,10000.0,450.0,,,1,1,1
L0000017,LANSET,PCS,19-01-21,1.11-210119.0604-001,3000.0,1500.0,,,1,1,1
L0000017,LANSET,PCS,12-06-21,1.11-210612.1703-001,3000.0,1500.0,,,1,1,1
L0000017,LANSET,PCS,13-07-21,1.11-210713.1544-005,6000.0,1500.0,,,1,1,1
L0000017,LANSET,PCS,28-09-21,1.11-210928.1921-003,3000.0,1500.0,,,1,1,1
L0000100,LANPEPSA 120ML,BTL,10-02-21,1.9-210210.1324-006,20.0,7260474.0,,,1,1,1
L0000100,LANPEPSA 120ML,BTL,13-04-21,1.13-210413.1124-002,10.0,7263118.0,,,1,1,1
L0000100,LANPEPSA 120ML,BTL,21-04-21,1.12-210421.1353-005,20.0,7261738.0,,,1,1,1
L0000100,LANPEPSA 120ML,BTL,25-05-21,1.11-210525.1646-007,10.0,7262145.0,,,1,1,1
L0000100,LANPEPSA 120ML,BTL,08-06-21,1.9-210608.1205-003,20.0,7261818.0,,,1,1,1
L00029,LACTACYD BABY 250ML,BTL,20-01-21,1.11-210120.0829-003,30.0,9093868.0,,,1,1,1
L00029,LACTACYD BABY 250ML,BTL,10-02-21,1.12-210210.1717-001,30.0,8815588.0,,,1,1,1
L00029,LACTACYD BABY 250ML,BTL,21-04-21,1.12-210421.1409-008,20.0,9106647.0,,,1,1,1
L00029,LACTACYD BABY 250ML,BTL,28-04-21,1.9-210428.1111-006,30.0,9394022.0,,,1,1,1
L00029,LACTACYD BABY 250ML,BTL,21-07-21,1.11-210721.2013-009,30.0,9393896.0,,,1,1,1
L00029,LACTACYD BABY 250ML,BTL,25-08-21,1.11-210825.1748-008,20.0,9394178.0,,,1,1,1
L00029,LACTACYD BABY 250ML,BTL,01-09-21,1.11-210901.1434-004,20.0,9394313.0,,,1,1,1
L00029,LACTACYD BABY 250ML,BTL,22-09-21,1.13-210922.1841-011,20.0,9393925.0,,,1,1,1
L00029,LACTACYD BABY 250ML,BTL,21-10-21,1.11-211021.1112-002,30.0,9394318.0,,,1,1,1
L00029,LACTACYD BABY 250ML,BTL,10-11-21,1.11-211110.1628-003,20.0,9106243.0,,,1,1,1
M0000017,MASKER KARET,PCS,29-04-21,1.6-210429.2030-001,4000.0,5000.0,,,1,1,1
M0000017,MASKER KARET,PCS,15-07-21,1.6-210715.1726-001,3000.0,3800.0,,,1,1,1
M0000064,MADURASA JERUK,SACH,28-08-21,1.9-210828.1434-001,3000.0,75002.0,,,1,1,1
M0000100,MIRASIC,STRIP,28-07-21,1.13-210728.1757-006,5000.0,231748.0,,,1,1,1
M0000244,MASKER KARET NIAN,PCS,24-03-21,1.11-210324.1153-002,2500.0,50004.0,,,1,1,1
M0000244,MASKER KARET NIAN,PCS,05-05-21,1.13-210505.1800-005,6000.0,58905.0,,,1,1,1
M0000244,MASKER KARET NIAN,PCS,05-05-21,1.13-210505.1800-005,12000.0,47504.0,,,1,1,1
M0000244,MASKER KARET NIAN,PCS,19-05-21,1.12-210519.1432-009,12000.0,4750.0,,,1,1,1
M0000244,MASKER KARET NIAN,PCS,29-05-21,1.11-210529.1904-009,3000.0,3600.0,,,1,1,1
M0000244,MASKER KARET NIAN,PCS,02-06-21,1.11-210602.1636-004,25000.0,45002.0,,,1,1,1
M0000244,MASKER KARET NIAN,PCS,30-06-21,1.11-210630.1309-003,25000.0,4500.0,,,1,1,1
M0000244,MASKER KARET NIAN,PCS,14-07-21,1.13-210714.1506-003,50000.0,4500.0,,,1,1,1
M0000244,MASKER KARET NIAN,PCS,15-09-21,1.11-210915.1506-001,6000.0,4750.0,,,1,1,1
M0000244,MASKER KARET NIAN,PCS,06-10-21,1.11-211006.1254-005,6000.0,47503.0,,,1,1,1
M0000244,MASKER KARET NIAN,PCS,13-10-21,1.11-211013.1547-003,3000.0,47507.0,,,1,1,1
M0000244,MASKER KARET NIAN,PCS,27-10-21,1.11-211027.1242-005,6000.0,47502.0,,,1,1,1
M0000244,MASKER KARET NIAN,PCS,10-11-21,1.11-211110.1653-005,6000.0,47505.0,,,1,1,1
M0000244,MASKER KARET NIAN,PCS,24-11-21,1.12-211124.1127-003,6000.0,4750.0,,,1,1,1
M0000244,MASKER KARET NIAN,PCS,24-11-21,1.12-211124.1126-002,25000.0,4500.0,,,1,1,1
M0000244,MASKER KARET NIAN,PCS,22-12-21,1.11-211222.1957-010,6000.0,38003.0,,,1,1,1
M0000248,MASKER NIAN HIJAB,PCS,19-05-21,1.12-210519.1432-009,3000.0,5890.0,,,1,1,1
M0000248,MASKER NIAN HIJAB,PCS,02-06-21,1.11-210602.1636-004,12500.0,58902.0,,,1,1,1
M0000248,MASKER NIAN HIJAB,PCS,08-09-21,1.11-210908.1330-001,3000.0,5890.0,,,1,1,1
M0000248,MASKER NIAN HIJAB,PCS,08-09-21,1.11-210908.1330-001,3000.0,5890.0,,,1,1,1
M0000249,MASKER NIAN DUCKBIL,PCS,14-07-21,1.13-210714.1506-003,25000.0,15300.0,,,1,1,1
M000181,MASKER HIJAB,PCS,18-08-21,1.11-210818.1651-003,3000.0,6400.0,,,1,1,1
M000227,MUCOVY SYR,BTL,10-03-21,1.11-210310.1212-002,10.0,7150352.0,,,1,1,1
M000227,MUCOVY SYR,BTL,20-04-21,1.13-210420.1850-001,10.0,6997964.0,,,1,1,1
M000227,MUCOVY SYR,BTL,02-06-21,1.13-210602.1133-003,10.0,6972643.0,,,1,1,1
M000227,MUCOVY SYR,BTL,07-07-21,1.13-210707.1257-001,10.0,6971831.0,,,1,1,1
M000227,MUCOVY SYR,BTL,25-08-21,1.11-210825.1454-001,10.0,6972407.0,,,1,1,1
M000227,MUCOVY SYR,BTL,29-09-21,1.13-210929.1310-004,10.0,6972115.0,,,1,1,1
M000232,MINYAK KUTUS KUTUS 100ML,BTL,10-02-21,1.6-210210.1837-001,10.0,20700527.0,,,1,1,1
M000232,MINYAK KUTUS KUTUS 100ML,BTL,10-07-21,1.11-210710.1517-001,10.0,23000433.0,,,1,1,1
M000232,MINYAK KUTUS KUTUS 100ML,BTL,24-11-21,1.12-211124.1425-008,20.0,9200325.0,,,1,1,1
M00080,MASKER GOLDEN HIJAB,PCS,30-01-21,1.13-210130.1849-004,3000.0,8500.0,,,1,1,1
M00081,MASKER GOLDEN KARET,PCS,30-01-21,1.13-210130.1849-004,3000.0,6500.0,,,1,1,1
M00081,MASKER GOLDEN KARET,PCS,08-02-21,1.11-210208.1520-002,3000.0,6500.0,,,1,1,1
M00081,MASKER GOLDEN KARET,PCS,25-02-21,1.11-210225.1552-002,3000.0,6500.0,,,1,1,1
M00081,MASKER GOLDEN KARET,PCS,17-03-21,1.11-210317.1809-006,3000.0,5400.0,,,1,1,1
N00000100,NUFADOL KAPS PCT,STRIP,03-05-21,1.11-210503.2029-008,10.0,6841078.0,,,1,1,1
N0000021,NORIT,BTL,09-08-21,1.9-210809.1722-006,10.0,12201368.0,,,1,1,1
N0000031,NASAL ASPIRATOR,PCS,08-03-21,1.12-210308.1748-004,10.0,21782131.0,,,1,1,1
N0000031,NASAL ASPIRATOR,PCS,08-04-21,1.11-210408.1308-005,10.0,21781492.0,,,1,1,1
N0000039,NOURISH-E,BTL,15-01-21,1.13-210115.0426-001,10.0,11990058.0,,,1,1,1
N0000039,NOURISH-E,BTL,26-02-21,1.9-210226.1328-001,10.0,11991571.0,,,1,1,1
N0000039,NOURISH-E,BTL,04-05-21,1.9-210504.0826-001,10.0,10504016.0,,,1,1,1
N0000120,NYSTATIN DROP,BTL,05-05-21,1.12-210505.1855-004,10.0,7904214.0,,,1,1,1
N0000130,NUTRICAN 245G,BOX,11-01-21,1.11-210111.0023-001,20.0,8800371.0,,,1,1,1
N000020,NOVACYCLINE 250MG,TAB,11-10-21,1.13-211011.1123-003,5000.0,57556.0,,,1,1,1
O0000014,OMEPROS,BTL,01-03-21,1.13-210301.1337-001,10.0,12650253.0,,,1,1,1
O0000014,OMEPROS,BTL,15-04-21,1.11-210415.2007-006,10.0,12651066.0,,,1,1,1
O0000014,OMEPROS,BTL,15-05-21,1.11-210515.1840-001,10.0,12271407.0,,,1,1,1
O0000014,OMEPROS,BTL,20-05-21,1.13-210520.1831-002,10.0,12043403.0,,,1,1,1
O0000014,OMEPROS,BTL,20-05-21,1.13-210520.1831-002,20.0,12018102.0,,,1,1,1
O0000014,OMEPROS,BTL,19-07-21,1.11-210719.1843-007,10.0,12651384.0,,,1,1,1
O0000014,OMEPROS,BTL,07-10-21,1.11-211007.1538-006,10.0,12650795.0,,,1,1,1
O0000014,OMEPROS,BTL,13-12-21,1.11-211213.1849-007,10.0,12650001.0,,,1,1,1
O0000014,OMEPROS,BTL,27-12-21,1.11-211227.1525-002,10.0,12651149.0,,,1,1,1
O0000034,OKE PLAST,PCS,16-11-21,1.11-211116.1544-002,6000.0,1800.0,,,1,1,1
O0000037,OTOPAIN EAR DROP,FLS,19-05-21,1.12-210519.1303-002,10.0,7838969.0,,,1,1,1
O0000037,OTOPAIN EAR DROP,FLS,03-06-21,1.11-210603.1147-003,10.0,7838707.0,,,1,1,1
O0000046,OXOFERIN SOL 30,FLS,20-05-21,1.13-210520.1831-002,20.0,7700386.0,,,1,1,1
O0000046,OXOFERIN SOL 30,FLS,19-07-21,1.11-210719.1843-007,20.0,7700843.0,,,1,1,1
P00000252,PREGABALIN 150MG,STRIP,13-01-21,1.6-210113.0856-010,30.0,7426667.0,,,1,1,1
P0000045,PRORIS,BTL,29-07-21,1.11-210729.1224-001,2400.0,6209.0,,,1,1,1
P0000048,PERMEN ANTANGIN,PCS,28-01-21,1.11-210128.0516-004,6000.0,2400.0,,,1,1,1
P0000048,PERMEN ANTANGIN,PCS,06-02-21,1.11-210206.1907-001,4000.0,2400.0,,,1,1,1
P0000048,PERMEN ANTANGIN,PCS,23-02-21,1.11-210223.1955-005,4000.0,2400.0,,,1,1,1
P0000048,PERMEN ANTANGIN,PCS,29-03-21,1.11-210329.1558-006,3000.0,1000.0,,,1,1,1
P0000048,PERMEN ANTANGIN,PCS,29-03-21,1.11-210329.1548-005,4000.0,2400.0,,,1,1,1
P0000048,PERMEN ANTANGIN,PCS,10-05-21,1.11-210510.1634-010,6000.0,2400.0,,,1,1,1
P0000048,PERMEN ANTANGIN,PCS,12-06-21,1.11-210612.2015-002,6000.0,2400.0,,,1,1,1
P0000048,PERMEN ANTANGIN,PCS,17-07-21,1.13-210717.1546-003,6000.0,2400.0,,,1,1,1
P0000048,PERMEN ANTANGIN,PCS,16-08-21,1.11-210816.1815-002,12000.0,2400.0,,,1,1,1
P0000048,PERMEN ANTANGIN,PCS,26-08-21,1.9-210826.1556-009,8000.0,2400.0,,,1,1,1
P0000048,PERMEN ANTANGIN,PCS,04-11-21,1.11-211104.1920-005,12000.0,2400.0,,,1,1,1
P0000048,PERMEN ANTANGIN,PCS,13-12-21,1.11-211213.1906-010,12000.0,2400.0,,,1,1,1
P0000067,POLIDENT 60GR,TUBE,13-04-21,1.12-210413.1150-002,30.0,6808918.0,,,1,1,1
P0000067,POLIDENT 60GR,TUBE,27-04-21,1.9-210427.1333-003,10.0,6808606.0,,,1,1,1
P0000067,POLIDENT 60GR,TUBE,27-04-21,1.9-210427.1333-003,20.0,6808606.0,,,1,1,1
P0000067,POLIDENT 60GR,TUBE,18-05-21,1.11-210518.1244-005,20.0,6808955.0,,,1,1,1
P0000067,POLIDENT 60GR,TUBE,15-06-21,1.13-210615.1745-002,30.0,6808566.0,,,1,1,1
P0000067,POLIDENT 60GR,TUBE,22-06-21,1.13-210622.1310-004,20.0,6809305.0,,,1,1,1
P0000067,POLIDENT 60GR,TUBE,02-10-21,1.11-211002.1714-008,30.0,6930703.0,,,1,1,1
P0000067,POLIDENT 60GR,TUBE,18-10-21,1.13-211018.1733-004,30.0,6784564.0,,,1,1,1
P0000067,POLIDENT 60GR,TUBE,28-10-21,1.11-211028.1233-001,20.0,6930665.0,,,1,1,1
P0000067,POLIDENT 60GR,TUBE,08-11-21,1.11-211108.1811-003,30.0,6919911.0,,,1,1,1
P0000067,POLIDENT 60GR,TUBE,16-11-21,1.11-211116.1537-001,30.0,6920873.0,,,1,1,1
P0000067,POLIDENT 60GR,TUBE,30-11-21,1.9-211130.1454-003,20.0,6856359.0,,,1,1,1
P0000067,POLIDENT 60GR,TUBE,02-12-21,1.11-211202.1711-006,30.0,7437322.0,,,1,1,1
P0000067,POLIDENT 60GR,TUBE,14-12-21,1.11-211214.1512-002,30.0,6854757.0,,,1,1,1
P0000184,PRENAGEN MOMMY EMESIS CKLT 400GR,BOX,21-06-21,1.11-210621.1824-004,10.0,7279715.0,,,1,1,1
P0000262,PANTOPRAZOLE TAB 40MG,STRIP,25-06-21,1.11-210625.1403-006,30.0,7040475.0,,,1,1,1
R0000068,REFAQUIN 15GR,TUBE,15-01-21,1.13-210115.0426-001,20.0,6886033.0,,,1,1,1
R0000068,REFAQUIN 15GR,TUBE,04-02-21,1.9-210204.1927-003,20.0,6886806.0,,,1,1,1
R0000068,REFAQUIN 15GR,TUBE,10-02-21,1.6-210210.1915-003,30.0,6886115.0,,,1,1,1
R0000068,REFAQUIN 15GR,TUBE,08-03-21,1.12-210308.1840-006,10.0,6886582.0,,,1,1,1
R0000068,REFAQUIN 15GR,TUBE,17-03-21,1.11-210317.1500-002,20.0,6886297.0,,,1,1,1
R0000068,REFAQUIN 15GR,TUBE,24-03-21,1.12-210324.1248-005,30.0,6886274.0,,,1,1,1
R0000068,REFAQUIN 15GR,TUBE,07-04-21,1.12-210407.1744-002,30.0,6886696.0,,,1,1,1
R0000068,REFAQUIN 15GR,TUBE,22-04-21,1.13-210422.1931-004,20.0,6886239.0,,,1,1,1
R0000068,REFAQUIN 15GR,TUBE,06-05-21,1.13-210506.1941-003,30.0,6886414.0,,,1,1,1
R0000068,REFAQUIN 15GR,TUBE,27-05-21,1.9-210527.1727-003,20.0,6886449.0,,,1,1,1
R0000068,REFAQUIN 15GR,TUBE,02-06-21,1.11-210602.1732-011,20.0,6886833.0,,,1,1,1
R0000068,REFAQUIN 15GR,TUBE,16-06-21,1.9-210616.1701-008,30.0,6886516.0,,,1,1,1
R0000068,REFAQUIN 15GR,TUBE,21-06-21,1.13-210621.1328-003,30.0,6886567.0,,,1,1,1
R0000068,REFAQUIN 15GR,TUBE,30-06-21,1.11-210630.2028-015,30.0,6886535.0,,,1,1,1
R0000068,REFAQUIN 15GR,TUBE,12-07-21,1.13-210712.1757-010,30.0,6886022.0,,,1,1,1
R0000068,REFAQUIN 15GR,TUBE,22-07-21,1.13-210722.0839-003,20.0,6886499.0,,,1,1,1
R0000068,REFAQUIN 15GR,TUBE,28-07-21,1.11-210728.1541-005,30.0,6886066.0,,,1,1,1
R0000068,REFAQUIN 15GR,TUBE,25-08-21,1.13-210825.1431-006,30.0,6886836.0,,,1,1,1
R0000068,REFAQUIN 15GR,TUBE,09-09-21,1.13-210909.1214-001,30.0,6886091.0,,,1,1,1
R0000068,REFAQUIN 15GR,TUBE,06-10-21,1.13-211006.1850-003,20.0,6886467.0,,,1,1,1
R0000068,REFAQUIN 15GR,TUBE,01-11-21,1.11-211101.1332-003,20.0,6886092.0,,,1,1,1
R0000068,REFAQUIN 15GR,TUBE,10-11-21,1.11-211110.1622-002,20.0,6886744.0,,,1,1,1
R0000068,REFAQUIN 15GR,TUBE,24-11-21,1.11-211124.1059-001,10.0,6886183.0,,,1,1,1
R0000068,REFAQUIN 15GR,TUBE,24-11-21,1.11-211124.1059-001,20.0,6886183.0,,,1,1,1
R0000068,REFAQUIN 15GR,TUBE,30-12-21,1.13-211230.1830-006,20.0,6886397.0,,,1,1,1
R0000073,RENOVIT GOLD 30,BTL,22-01-21,1.9-210122.0247-003,10.0,8157192.0,,,1,1,1
R0000073,RENOVIT GOLD 30,BTL,05-03-21,1.11-210305.1427-003,10.0,8155692.0,,,1,1,1
R0000073,RENOVIT GOLD 30,BTL,06-04-21,1.11-210406.1338-006,20.0,8155709.0,,,1,1,1
R0000073,RENOVIT GOLD 30,BTL,02-07-21,1.13-210702.1029-001,40.0,8155789.0,,,1,1,1
R0000110,RAVEN,SCHET,05-03-21,1.11-210305.1427-003,10.0,7094984.0,,,1,1,1
R0000110,RAVEN,SCHET,26-08-21,1.9-210826.1039-004,30.0,7095219.0,,,1,1,1
R0000110,RAVEN,SCHET,28-10-21,1.9-211028.1608-002,20.0,7096311.0,,,1,1,1
R000265,BREAST PUMP SET RELIABLE,BOX,10-01-21,1.11-210110.0522-001,10.0,11092088.0,,,1,1,1
R000265,BREAST PUMP SET RELIABLE,BOX,29-05-21,1.11-210529.1845-008,10.0,11090172.0,,,1,1,1
R000265,BREAST PUMP SET RELIABLE,BOX,02-10-21,1.11-211002.1729-009,10.0,11093139.0,,,1,1,1
R000265,BREAST PUMP SET RELIABLE,BOX,04-12-21,1.11-211204.1618-004,10.0,11002458.0,,,1,1,1
S0000031,SCABIMITE 30G,TUBE,09-02-21,1.11-210209.1420-002,20.0,8250962.0,,,1,1,1
S0000031,SCABIMITE 30G,TUBE,02-03-21,1.13-210302.1147-001,20.0,8250259.0,,,1,1,1
S0000031,SCABIMITE 30G,TUBE,23-03-21,1.11-210323.1550-006,10.0,8250746.0,,,1,1,1
S0000031,SCABIMITE 30G,TUBE,25-03-21,1.13-210325.2023-005,10.0,8250447.0,,,1,1,1
S0000031,SCABIMITE 30G,TUBE,08-04-21,1.11-210408.1308-005,10.0,8250565.0,,,1,1,1
S0000031,SCABIMITE 30G,TUBE,26-04-21,1.11-210426.1652-001,10.0,8250837.0,,,1,1,1
S0000031,SCABIMITE 30G,TUBE,27-04-21,1.13-210427.1247-002,10.0,8250371.0,,,1,1,1
S0000031,SCABIMITE 30G,TUBE,30-04-21,1.11-210430.1446-001,10.0,8250562.0,,,1,1,1
S0000031,SCABIMITE 30G,TUBE,16-07-21,1.11-210716.0923-001,20.0,8250984.0,,,1,1,1
S0000031,SCABIMITE 30G,TUBE,24-08-21,1.11-210824.2009-004,20.0,8250578.0,,,1,1,1
S0000031,SCABIMITE 30G,TUBE,05-10-21,1.11-211005.1805-003,20.0,8250183.0,,,1,1,1
S0000031,SCABIMITE 30G,TUBE,27-10-21,1.11-211027.1219-002,10.0,8250541.0,,,1,1,1
S0000057,SENSI GLOVE,PCS,15-07-21,1.6-210715.1726-001,6000.0,15000.0,,,1,1,1
S0000125,SERETIDE INHALER 50,CAN,20-01-21,1.11-210120.0829-003,10.0,15475112.0,,,1,1,1
S0000125,SERETIDE INHALER 50,CAN,07-04-21,1.11-210407.1353-008,10.0,15475896.0,,,1,1,1
S0000125,SERETIDE INHALER 50,CAN,28-04-21,1.9-210428.1111-006,10.0,15475166.0,,,1,1,1
S0000125,SERETIDE INHALER 50,CAN,02-06-21,1.11-210602.1610-002,10.0,15475476.0,,,1,1,1
S0000125,SERETIDE INHALER 50,CAN,21-07-21,1.11-210721.2013-009,10.0,15474959.0,,,1,1,1
S0000125,SERETIDE INHALER 50,CAN,22-09-21,1.13-210922.1841-011,10.0,15475023.0,,,1,1,1
S0000149,SERETIDE INH 125,CAN,13-01-21,1.6-210113.0840-008,10.0,17609565.0,,,1,1,1
S0000149,SERETIDE INH 125,CAN,12-08-21,1.11-210812.1310-007,10.0,17609493.0,,,1,1,1
S0000149,SERETIDE INH 125,CAN,25-08-21,1.11-210825.1748-008,10.0,17609838.0,,,1,1,1
S0000149,SERETIDE INH 125,CAN,22-09-21,1.13-210922.1841-011,10.0,17609384.0,,,1,1,1
S0000149,SERETIDE INH 125,CAN,04-12-21,1.11-211204.1630-005,10.0,17609631.0,,,1,1,1
S0000167,SLIM FIT VANILA,BOX,11-01-21,1.11-210111.0023-001,10.0,7392311.0,,,1,1,1
S0000198,SULDOX,STRIP,30-06-21,1.11-210630.1224-002,20.0,7054168.0,,,1,1,1
S0000205,SUCRALFAT SYR 500MG,BOTOL,15-01-21,1.13-210115.0436-002,10.0,7260098.0,,,1,1,1
S0000205,SUCRALFAT SYR 500MG,BOTOL,21-01-21,1.11-210121.0709-004,10.0,7260354.0,,,1,1,1
S0000205,SUCRALFAT SYR 500MG,BOTOL,15-02-21,1.11-210215.1658-003,10.0,7260071.0,,,1,1,1
S0000205,SUCRALFAT SYR 500MG,BOTOL,26-02-21,1.9-210226.1333-002,10.0,7260322.0,,,1,1,1
S0000205,SUCRALFAT SYR 500MG,BOTOL,12-03-21,1.13-210312.1918-003,10.0,7260251.0,,,1,1,1
S0000205,SUCRALFAT SYR 500MG,BOTOL,15-04-21,1.11-210415.2005-005,10.0,7260629.0,,,1,1,1
S0000205,SUCRALFAT SYR 500MG,BOTOL,22-04-21,1.13-210422.1912-002,20.0,7260764.0,,,1,1,1
S0000205,SUCRALFAT SYR 500MG,BOTOL,31-05-21,1.13-210531.2014-003,20.0,7260644.0,,,1,1,1
S0000205,SUCRALFAT SYR 500MG,BOTOL,28-06-21,1.11-210628.1522-003,10.0,7260397.0,,,1,1,1
S0000205,SUCRALFAT SYR 500MG,BOTOL,16-07-21,1.11-210716.1026-003,20.0,7260757.0,,,1,1,1
S0000205,SUCRALFAT SYR 500MG,BOTOL,22-07-21,1.11-210722.1949-005,10.0,7260912.0,,,1,1,1
S0000205,SUCRALFAT SYR 500MG,BOTOL,29-07-21,1.11-210729.1619-005,10.0,7260508.0,,,1,1,1
S0000205,SUCRALFAT SYR 500MG,BOTOL,09-08-21,1.13-210809.1814-003,20.0,7260805.0,,,1,1,1
S0000205,SUCRALFAT SYR 500MG,BOTOL,30-08-21,1.13-210830.1616-002,10.0,7260519.0,,,1,1,1
S0000791,SANCOIDAN KAPSUL,STRIP,02-09-21,1.12-210902.1430-003,30.0,18334179.0,,,1,1,1
T0000004,TEOSAL,TAB,02-06-21,1.13-210602.1120-001,3000.0,20378.0,,,1,1,1
T0000004,TEOSAL,TAB,30-06-21,1.11-210630.1224-002,3000.0,20379.0,,,1,1,1
T0000004,TEOSAL,TAB,01-09-21,1.13-210901.1137-002,3000.0,20378.0,,,1,1,1
T0000004,TEOSAL,TAB,17-11-21,1.11-211117.1221-003,3000.0,20378.0,,,1,1,1
T0000004,TEOSAL,TAB,15-12-21,1.11-211215.1441-001,3000.0,2038.0,,,1,1,1
T0000014,TOLAK ANGIN CAIR,SACH,27-07-21,1.13-210727.1615-005,3600.0,27918.0,,,1,1,1
T0000014,TOLAK ANGIN CAIR,SACH,16-08-21,1.13-210816.1009-005,3600.0,279172.0,,,1,1,1
V0000011,VICEE STRAW,STRIP,03-02-21,1.13-210203.1933-002,3000.0,125783.0,,,1,1,1
V0000011,VICEE STRAW,STRIP,03-02-21,1.13-210203.1933-002,3000.0,125783.0,,,1,1,1
V0000011,VICEE STRAW,STRIP,20-03-21,1.13-210320.1404-001,2500.0,12328.0,,,1,1,1
V0000011,VICEE STRAW,STRIP,24-05-21,1.12-210524.1916-006,2500.0,149373.0,,,1,1,1
V0000011,VICEE STRAW,STRIP,28-07-21,1.13-210728.1735-002,2500.0,123268.0,,,1,1,1
V0000011,VICEE STRAW,STRIP,18-10-21,1.11-211018.1403-004,3000.0,125792.0,,,1,1,1
V0000023,VITACIMIN,STRIP,24-02-21,1.13-210224.1912-001,3000.0,14740.0,,,1,1,1
V0000023,VITACIMIN,STRIP,07-07-21,1.11-210707.1642-012,3000.0,147411.0,,,1,1,1
V0000023,VITACIMIN,STRIP,27-07-21,1.11-210727.1908-008,2500.0,147408.0,,,1,1,1
V0000023,VITACIMIN,STRIP,07-09-21,1.13-210907.1153-002,2500.0,147403.0,,,1,1,1
V0000023,VITACIMIN,STRIP,21-09-21,1.13-210921.1834-001,2500.0,147405.0,,,1,1,1
V0000026,VITAQUIN CR 15G,TUBE,05-03-21,7.6-210305.1004-005,10.0,6776888.0,,,1,1,1
V0000026,VITAQUIN CR 15G,TUBE,17-03-21,1.11-210317.1437-001,30.0,6776542.0,,,1,1,1
V0000026,VITAQUIN CR 15G,TUBE,29-03-21,1.12-210329.1637-002,30.0,6776839.0,,,1,1,1
V0000026,VITAQUIN CR 15G,TUBE,07-04-21,1.12-210407.1744-002,30.0,6776685.0,,,1,1,1
V0000026,VITAQUIN CR 15G,TUBE,21-04-21,1.13-210421.1715-002,30.0,6776507.0,,,1,1,1
V0000026,VITAQUIN CR 15G,TUBE,28-04-21,1.11-210428.1926-002,60.0,6776393.0,,,1,1,1
V0000026,VITAQUIN CR 15G,TUBE,14-06-21,1.13-210614.1647-002,30.0,6776442.0,,,1,1,1
V0000026,VITAQUIN CR 15G,TUBE,01-07-21,1.12-210701.1934-002,30.0,6776435.0,,,1,1,1
V0000026,VITAQUIN CR 15G,TUBE,07-07-21,1.11-210707.1547-011,30.0,6776583.0,,,1,1,1
V0000026,VITAQUIN CR 15G,TUBE,16-07-21,1.11-210716.0923-001,30.0,6776808.0,,,1,1,1
V0000026,VITAQUIN CR 15G,TUBE,13-10-21,1.11-211013.1319-001,30.0,6776293.0,,,1,1,1
V0000026,VITAQUIN CR 15G,TUBE,18-10-21,1.13-211018.1857-006,30.0,6776694.0,,,1,1,1
V0000026,VITAQUIN CR 15G,TUBE,21-10-21,1.13-211021.1639-002,30.0,6776516.0,,,1,1,1
V0000026,VITAQUIN CR 15G,TUBE,08-11-21,1.11-211108.1821-004,30.0,6776375.0,,,1,1,1
V0000026,VITAQUIN CR 15G,TUBE,11-11-21,1.12-211111.1121-001,30.0,6776455.0,,,1,1,1
V0000026,VITAQUIN CR 15G,TUBE,18-11-21,1.11-211118.0954-013,30.0,6776319.0,,,1,1,1
V0000026,VITAQUIN CR 15G,TUBE,06-12-21,1.11-211206.1303-004,30.0,6776539.0,,,1,1,1
V0000027,VOLTADEX50MG,TAB,13-01-21,1.6-210113.0424-003,3000.0,2900.0,,,1,1,1
V0000027,VOLTADEX50MG,TAB,03-02-21,1.11-210203.1304-005,3000.0,49503.0,,,1,1,1
V0000027,VOLTADEX50MG,TAB,03-03-21,1.12-210303.1502-003,3000.0,29003.0,,,1,1,1
V0000027,VOLTADEX50MG,TAB,08-03-21,1.13-210308.2012-003,3000.0,29001.0,,,1,1,1
V0000027,VOLTADEX50MG,TAB,10-03-21,1.11-210310.1218-004,3000.0,29002.0,,,1,1,1
V0000027,VOLTADEX50MG,TAB,07-04-21,1.11-210407.1316-005,3000.0,29001.0,,,1,1,1
V0000027,VOLTADEX50MG,TAB,14-04-21,1.12-210414.1418-002,3000.0,36202.0,,,1,1,1
V0000027,VOLTADEX50MG,TAB,05-05-21,1.13-210505.1800-005,3000.0,29002.0,,,1,1,1
V0000027,VOLTADEX50MG,TAB,25-05-21,1.11-210525.1510-003,3000.0,2900.0,,,1,1,1
V0000027,VOLTADEX50MG,TAB,09-06-21,1.9-210609.1624-006,3000.0,29001.0,,,1,1,1
V0000027,VOLTADEX50MG,TAB,07-07-21,1.11-210707.1519-007,3000.0,29011.0,,,1,1,1
V0000027,VOLTADEX50MG,TAB,14-07-21,1.6-210714.1807-002,3000.0,36201.0,,,1,1,1
V0000027,VOLTADEX50MG,TAB,28-07-21,1.11-210728.1533-003,6000.0,36202.0,,,1,1,1
V0000027,VOLTADEX50MG,TAB,04-08-21,1.13-210804.1243-004,3000.0,36202.0,,,1,1,1
V0000027,VOLTADEX50MG,TAB,21-08-21,1.13-210821.1111-003,3000.0,36202.0,,,1,1,1
V0000027,VOLTADEX50MG,TAB,01-09-21,1.13-210901.1137-002,3000.0,3620.0,,,1,1,1
V0000027,VOLTADEX50MG,TAB,15-09-21,1.11-210915.1509-003,3000.0,29001.0,,,1,1,1
V0000027,VOLTADEX50MG,TAB,15-09-21,1.13-210915.1124-004,3000.0,3620.0,,,1,1,1
V0000027,VOLTADEX50MG,TAB,29-09-21,1.11-210929.1721-003,3000.0,29002.0,,,1,1,1
V0000027,VOLTADEX50MG,TAB,13-10-21,1.11-211013.1547-003,3000.0,29004.0,,,1,1,1
V0000027,VOLTADEX50MG,TAB,19-10-21,1.13-211019.1218-001,3000.0,26737.0,,,1,1,1
V0000027,VOLTADEX50MG,TAB,26-10-21,1.11-211026.1402-003,3000.0,26732.0,,,1,1,1
V0000027,VOLTADEX50MG,TAB,03-11-21,1.11-211103.1401-004,3000.0,2900.0,,,1,1,1
V0000027,VOLTADEX50MG,TAB,18-11-21,1.13-211118.1711-003,3000.0,29002.0,,,1,1,1
V0000027,VOLTADEX50MG,TAB,24-11-21,1.12-211124.1127-003,3000.0,2900.0,,,1,1,1
V0000027,VOLTADEX50MG,TAB,01-12-21,1.12-211201.1150-001,3000.0,29002.0,,,1,1,1
V0000027,VOLTADEX50MG,TAB,07-12-21,1.11-211207.1821-003,3000.0,26735.0,,,1,1,1
V0000027,VOLTADEX50MG,TAB,21-12-21,1.11-211221.1757-003,3000.0,26739.0,,,1,1,1
V0000027,VOLTADEX50MG,TAB,28-12-21,1.11-211228.1737-006,3000.0,26735.0,,,1,1,1
V0000035,VIPRO-G JERUK,TAB,26-04-21,1.11-210426.1652-001,10.0,11991216.0,,,1,1,1
V0000035,VIPRO-G JERUK,TAB,14-06-21,1.13-210614.1647-002,10.0,11990781.0,,,1,1,1
V0000035,VIPRO-G JERUK,TAB,25-10-21,1.11-211025.1713-007,10.0,11990815.0,,,1,1,1
V0000035,VIPRO-G JERUK,TAB,29-11-21,1.11-211129.1926-001,10.0,10551218.0,,,1,1,1
V0000050,VENTOLIN INHALER,PCS,11-01-21,1.13-210111.0108-002,20.0,12402056.0,,,1,1,1
V0000050,VENTOLIN INHALER,PCS,10-02-21,1.12-210210.1717-001,20.0,12618833.0,,,1,1,1
V0000050,VENTOLIN INHALER,PCS,08-03-21,1.13-210308.2012-003,10.0,12618498.0,,,1,1,1
V0000050,VENTOLIN INHALER,PCS,29-03-21,1.13-210329.1409-002,10.0,12402634.0,,,1,1,1
V0000050,VENTOLIN INHALER,PCS,07-04-21,1.11-210407.1353-008,20.0,12619324.0,,,1,1,1
V0000050,VENTOLIN INHALER,PCS,28-04-21,1.9-210428.1111-006,20.0,12618729.0,,,1,1,1
V0000050,VENTOLIN INHALER,PCS,02-06-21,1.13-210602.1138-004,10.0,11988423.0,,,1,1,1
V0000050,VENTOLIN INHALER,PCS,09-06-21,1.11-210609.1300-003,10.0,12618509.0,,,1,1,1
V0000050,VENTOLIN INHALER,PCS,30-06-21,1.11-210630.1329-009,10.0,12619208.0,,,1,1,1
V0000050,VENTOLIN INHALER,PCS,07-07-21,1.11-210707.1417-003,10.0,12618758.0,,,1,1,1
V0000050,VENTOLIN INHALER,PCS,21-07-21,1.11-210721.2013-009,10.0,12618559.0,,,1,1,1
V0000050,VENTOLIN INHALER,PCS,21-08-21,1.11-210821.1602-003,10.0,12240952.0,,,1,1,1
V0000050,VENTOLIN INHALER,PCS,23-08-21,1.12-210823.2001-004,10.0,12619103.0,,,1,1,1
V0000050,VENTOLIN INHALER,PCS,22-09-21,1.13-210922.1841-011,10.0,12618612.0,,,1,1,1
V0000050,VENTOLIN INHALER,PCS,06-10-21,1.11-211006.1302-007,10.0,12618783.0,,,1,1,1
V0000050,VENTOLIN INHALER,PCS,21-10-21,1.11-211021.1112-002,10.0,12619126.0,,,1,1,1
V0000050,VENTOLIN INHALER,PCS,10-11-21,1.11-211110.1628-003,10.0,12618442.0,,,1,1,1
V0000050,VENTOLIN INHALER,PCS,24-11-21,1.12-211124.1204-007,10.0,12619236.0,,,1,1,1
V0000050,VENTOLIN INHALER,PCS,04-12-21,1.11-211204.1630-005,10.0,12618789.0,,,1,1,1
V0000050,VENTOLIN INHALER,PCS,08-12-21,1.11-211208.1358-004,10.0,12619273.0,,,1,1,1
V0000050,VENTOLIN INHALER,PCS,15-12-21,1.11-211215.1540-007,10.0,12619206.0,,,1,1,1
V0000050,VENTOLIN INHALER,PCS,29-12-21,1.11-211229.1503-009,10.0,12618491.0,,,1,1,1
X0000002,XON-CE,STRIP,05-06-21,1.11-210605.1452-002,6000.0,139004.0,,,1,1,1
Z0000002,ZORALIN,TAB,30-07-21,1.13-210730.1659-002,12000.0,147579.0,,,1,1,1
